Index,Lot,Time,pH,Temp,Voltage
1,1,오후 4:25:31.0,1.87,41.7,17.68
2,1,오후 4:25:36.0,1.83,42.63,15.8
3,1,오후 4:25:41.0,1.91,41.83,17.01
4,1,오후 4:25:46.0,1.95,44.86,18.77
5,1,오후 4:25:51.0,2.14,44.32,19.66
6,1,오후 4:25:56.0,1.86,43.64,16.91
7,1,오후 4:26:01.0,2.01,44.81,16.79
8,1,오후 4:26:06.0,2.14,43.21,18.64
9,1,오후 4:26:11.0,2.15,43.7,16.55
10,1,오후 4:26:16.0,1.99,41.95,15.93
11,1,오후 4:26:21.0,1.93,41.43,16.71
12,1,오후 4:26:26.0,2.1,40.25,17.88
13,1,오후 4:26:31.0,2.02,42.0,19.75
14,1,오후 4:26:36.0,2.1,40.99,16.28
15,1,오후 4:26:41.0,1.96,42.64,16.79
16,1,오후 4:26:46.0,2.16,44.89,17.87
17,1,오후 4:26:51.0,1.84,41.93,16.96
18,1,오후 4:26:56.0,2.06,44.67,15.39
19,1,오후 4:27:01.0,2.14,44.19,15.67
20,1,오후 4:27:06.0,1.9,44.18,18.53
21,1,오후 4:27:11.1,1.95,43.52,19.84
22,1,오후 4:27:16.1,2.01,44.78,18.36
23,1,오후 4:27:21.1,1.96,42.39,18.13
24,1,오후 4:27:26.1,2.05,42.86,17.93
25,1,오후 4:27:31.1,1.95,43.25,17.62
26,1,오후 4:27:36.1,2.14,44.74,18.79
27,1,오후 4:27:41.1,1.85,43.31,17.41
28,1,오후 4:27:46.1,1.82,42.83,18.69
29,1,오후 4:27:51.1,1.85,40.08,15.67
30,1,오후 4:27:56.1,2.01,41.88,15.58
31,1,오후 4:28:01.1,2.07,40.25,19.35
32,1,오후 4:28:06.1,2.13,42.72,18.18
33,1,오후 4:28:11.1,2.19,43.27,18.43
34,1,오후 4:28:16.1,1.88,42.57,16.79
35,1,오후 4:28:21.1,2.16,41.61,15.51
36,1,오후 4:28:26.1,1.91,44.37,18.58
37,1,오후 4:28:31.1,2.13,42.85,13.29
38,1,오후 4:28:36.1,2.17,43.5,15.27
39,1,오후 4:28:41.1,1.87,40.4,18.48
40,1,오후 4:28:46.1,2.03,43.12,15.75
41,1,오후 4:28:51.1,1.98,41.8,16.04
42,1,오후 4:28:56.2,2.04,40.98,19.21
43,1,오후 4:29:01.2,2.19,40.02,17.48
44,1,오후 4:29:06.2,1.87,44.23,19.65
45,1,오후 4:29:11.2,1.89,44.43,19.24
46,1,오후 4:29:16.2,2.05,41.16,16.21
47,1,오후 4:29:21.2,2.19,42.2,19.23
48,1,오후 4:29:26.2,1.93,41.67,15.15
49,1,오후 4:29:31.2,2.13,42.85,13.29
50,1,오후 4:29:36.2,2.17,42.92,17.96
51,1,오후 4:29:41.2,1.95,41.58,16.99
52,1,오후 4:29:46.2,1.83,43.67,19.83
53,1,오후 4:29:51.2,2.14,43.53,19.24
54,1,오후 4:29:56.2,2.0,40.32,16.95
55,1,오후 4:30:01.2,2.02,42.47,16.68
56,1,오후 4:30:06.2,1.96,44.35,17.74
57,1,오후 4:30:11.2,1.97,41.65,18.28
58,1,오후 4:30:16.2,2.18,42.61,15.07
59,1,오후 4:30:21.2,2.13,42.85,13.29
60,1,오후 4:30:26.2,1.91,44.27,19.16
61,1,오후 4:30:31.2,2.16,40.98,16.47
62,1,오후 4:30:36.3,1.94,42.65,18.18
63,1,오후 4:30:41.3,2.19,40.62,17.46
64,1,오후 4:30:46.3,2.01,44.65,17.33
65,1,오후 4:30:51.3,2.13,42.85,13.29
66,1,오후 4:30:56.3,1.86,44.25,18.15
67,1,오후 4:31:01.3,2.13,41.1,16.37
68,1,오후 4:31:06.3,2.16,41.43,17.41
69,1,오후 4:31:11.3,1.85,44.72,15.93
70,2,오후 4:31:37.4,1.86,43.08,17.48
71,2,오후 4:31:42.4,2.1,40.38,18.1
72,2,오후 4:31:47.4,1.82,40.46,18.99
73,2,오후 4:31:52.4,2.13,40.28,18.06
74,2,오후 4:31:57.4,1.87,44.1,17.4
75,2,오후 4:32:02.4,2.12,42.33,19.52
76,2,오후 4:32:07.4,1.82,44.36,15.74
77,2,오후 4:32:12.4,1.93,41.29,17.84
78,2,오후 4:32:17.4,1.86,44.33,19.46
79,2,오후 4:32:22.4,1.86,42.33,16.98
80,2,오후 4:32:27.4,2.19,41.1,17.6
81,2,오후 4:32:32.4,1.92,43.57,16.03
82,2,오후 4:32:37.4,2.06,42.69,17.88
83,2,오후 4:32:42.4,2.16,41.91,15.11
84,2,오후 4:32:47.4,2.19,41.25,16.72
85,2,오후 4:32:52.4,2.16,43.95,16.31
86,2,오후 4:32:57.4,2.03,42.48,19.63
87,2,오후 4:33:02.4,2.07,42.41,17.69
88,2,오후 4:33:07.4,2.13,40.61,18.05
89,2,오후 4:33:12.4,2.16,42.08,16.11
90,2,오후 4:33:17.5,2.12,40.99,17.63
91,2,오후 4:33:22.5,2.09,42.95,15.18
92,2,오후 4:33:27.5,1.9,40.55,19.11
93,2,오후 4:33:32.5,1.95,41.59,16.15
94,2,오후 4:33:37.5,2.01,40.76,17.43
95,2,오후 4:33:42.5,2.14,41.7,16.93
96,2,오후 4:33:47.5,2.08,40.54,15.75
97,2,오후 4:33:52.5,2.07,42.79,16.9
98,2,오후 4:33:57.5,1.85,43.95,17.4
99,2,오후 4:34:02.5,1.85,43.98,16.12
100,2,오후 4:34:07.5,1.94,44.14,17.43
101,2,오후 4:34:12.5,1.94,43.61,18.86
102,2,오후 4:34:17.5,2.02,43.97,18.81
103,2,오후 4:34:22.5,1.88,44.26,16.63
104,2,오후 4:34:27.5,1.82,41.35,15.43
105,2,오후 4:34:32.5,2.18,44.7,15.8
106,2,오후 4:34:37.5,2.02,40.56,18.24
107,2,오후 4:34:42.5,1.98,41.31,15.65
108,2,오후 4:34:47.5,1.9,42.35,17.74
109,2,오후 4:34:52.6,2.04,42.25,15.99
110,2,오후 4:34:57.6,2.16,41.94,18.66
111,2,오후 4:35:02.6,1.89,43.46,18.06
112,2,오후 4:35:07.6,1.92,43.18,18.7
113,2,오후 4:35:12.6,2.11,40.13,16.41
114,2,오후 4:35:17.6,2.1,42.06,15.02
115,2,오후 4:35:22.6,2.26,36.72,19.17
116,2,오후 4:35:27.6,2.06,41.93,15.96
117,2,오후 4:35:32.6,2.1,44.57,17.35
118,2,오후 4:35:37.6,1.87,40.63,16.15
119,2,오후 4:35:42.6,1.98,42.02,19.42
120,2,오후 4:35:47.6,1.89,41.96,18.56
121,2,오후 4:35:52.6,1.81,44.93,16.99
122,2,오후 4:35:57.6,1.95,40.85,16.78
123,2,오후 4:36:02.6,1.93,43.97,16.3
124,2,오후 4:36:07.6,1.81,41.38,17.71
125,2,오후 4:36:12.6,1.96,43.02,18.12
126,2,오후 4:36:17.6,2.04,43.89,16.4
127,2,오후 4:36:22.6,2.04,43.65,15.16
128,2,오후 4:36:27.6,1.84,40.18,17.77
129,2,오후 4:36:32.6,2.16,43.84,15.79
130,2,오후 4:36:37.7,1.95,43.86,17.84
131,2,오후 4:36:42.7,2.04,41.88,19.9
132,2,오후 4:36:47.7,1.84,44.61,18.92
133,2,오후 4:36:52.7,1.88,40.52,17.39
134,2,오후 4:36:57.7,1.85,40.11,17.43
135,2,오후 4:37:02.7,2.17,44.77,17.69
136,2,오후 4:37:07.7,1.94,42.73,17.55
137,2,오후 4:37:12.7,2.01,44.07,15.84
138,2,오후 4:37:17.7,1.93,42.13,18.41
139,3,오후 4:37:44.3,2.18,40.03,16.94
140,3,오후 4:37:49.4,2.04,41.72,19.02
141,3,오후 4:37:54.4,1.87,42.83,18.61
142,3,오후 4:37:59.4,2.16,41.58,15.8
143,3,오후 4:38:04.4,2.16,43.22,15.29
144,3,오후 4:38:09.4,1.88,44.19,18.44
145,3,오후 4:38:14.4,1.88,42.72,17.25
146,3,오후 4:38:19.4,2.08,44.09,15.55
147,3,오후 4:38:24.4,1.96,41.51,17.21
148,3,오후 4:38:29.4,1.93,42.77,15.75
149,3,오후 4:38:34.4,1.9,44.04,17.25
150,3,오후 4:38:39.4,2.12,42.87,16.89
151,3,오후 4:38:44.4,2.15,42.15,18.6
152,3,오후 4:38:49.4,1.93,40.32,17.8
153,3,오후 4:38:54.4,2.04,40.31,19.79
154,3,오후 4:38:59.4,1.87,44.52,15.24
155,3,오후 4:39:04.4,1.84,43.35,15.56
156,3,오후 4:39:09.4,2.14,43.55,19.81
157,3,오후 4:39:14.4,2.13,44.6,16.77
158,3,오후 4:39:19.4,2.34,44.9,17.95
159,3,오후 4:39:24.4,2.15,41.96,18.0
160,3,오후 4:39:29.5,2.16,42.65,16.06
161,3,오후 4:39:34.5,2.09,41.19,17.28
162,3,오후 4:39:39.5,2.03,43.26,16.87
163,3,오후 4:39:44.5,2.19,41.41,18.6
164,3,오후 4:39:49.5,2.14,43.9,19.86
165,3,오후 4:39:54.5,2.04,42.2,18.12
166,3,오후 4:39:59.5,2.17,43.77,15.69
167,3,오후 4:40:04.5,2.26,34.03,18.19
168,3,오후 4:40:09.5,2.09,44.96,18.45
169,3,오후 4:40:14.5,2.07,42.72,15.08
170,3,오후 4:40:19.5,2.0,44.98,15.85
171,3,오후 4:40:24.5,2.03,40.35,19.75
172,3,오후 4:40:29.5,1.88,40.94,19.93
173,3,오후 4:40:34.5,1.98,40.48,18.02
174,3,오후 4:40:39.5,2.08,42.65,18.13
175,3,오후 4:40:44.5,2.13,40.67,18.55
176,3,오후 4:40:49.5,2.17,42.75,15.55
177,3,오후 4:40:54.6,2.05,40.2,17.06
178,3,오후 4:40:59.6,1.81,43.54,15.41
179,3,오후 4:41:04.6,1.93,43.11,18.9
180,3,오후 4:41:09.6,2.01,42.31,19.29
181,3,오후 4:41:14.6,2.01,43.1,17.56
182,3,오후 4:41:19.6,1.9,40.43,17.55
183,3,오후 4:41:24.6,2.05,43.38,18.46
184,3,오후 4:41:29.6,1.89,42.72,19.89
185,3,오후 4:41:34.6,2.03,42.53,17.32
186,3,오후 4:41:39.6,1.91,42.81,19.81
187,3,오후 4:41:44.6,1.89,42.13,16.69
188,3,오후 4:41:49.6,2.01,41.21,16.4
189,3,오후 4:41:54.6,2.13,41.47,16.55
190,3,오후 4:41:59.6,2.11,40.34,17.83
191,3,오후 4:42:04.6,2.14,42.82,15.62
192,3,오후 4:42:09.6,1.91,41.13,16.25
193,3,오후 4:42:14.6,1.87,44.84,15.37
194,3,오후 4:42:19.6,2.03,40.68,19.49
195,3,오후 4:42:24.6,2.06,41.8,15.6
196,3,오후 4:42:29.6,2.04,42.97,18.09
197,3,오후 4:42:34.6,1.87,44.62,15.1
198,3,오후 4:42:39.7,1.84,42.6,15.45
199,3,오후 4:42:44.7,1.95,43.92,15.38
200,3,오후 4:42:49.7,2.05,44.72,17.69
201,3,오후 4:42:54.7,2.09,35.96,18.82
202,3,오후 4:42:59.7,1.84,44.11,15.53
203,3,오후 4:43:04.7,2.13,41.25,17.31
204,3,오후 4:43:09.7,2.13,42.34,17.94
205,3,오후 4:43:14.7,2.07,44.05,18.67
206,3,오후 4:43:19.7,1.85,42.27,15.75
207,3,오후 4:43:24.7,1.83,43.59,15.51
208,4,오후 4:43:52.0,2.03,40.34,18.57
209,4,오후 4:43:57.0,1.81,43.16,16.45
210,4,오후 4:44:02.0,2.09,40.01,16.4
211,4,오후 4:44:07.0,2.04,43.65,18.29
212,4,오후 4:44:12.0,2.19,42.87,19.21
213,4,오후 4:44:17.1,1.94,43.7,16.85
214,4,오후 4:44:22.1,2.01,44.72,15.93
215,4,오후 4:44:27.1,2.18,42.09,19.27
216,4,오후 4:44:32.1,1.98,44.47,18.97
217,4,오후 4:44:37.1,2.1,43.29,16.72
218,4,오후 4:44:42.1,2.42,42.94,15.81
219,4,오후 4:44:47.1,1.99,40.35,19.93
220,4,오후 4:44:52.1,2.09,41.02,15.19
221,4,오후 4:44:57.1,1.89,41.54,18.71
222,4,오후 4:45:02.1,1.99,43.41,15.73
223,4,오후 4:45:07.1,2.07,44.84,17.76
224,4,오후 4:45:12.1,1.98,40.81,19.66
225,4,오후 4:45:17.1,2.1,41.78,16.02
226,4,오후 4:45:22.1,1.87,40.9,17.74
227,4,오후 4:45:27.1,1.81,43.68,15.64
228,4,오후 4:45:32.1,1.92,43.83,18.59
229,4,오후 4:45:37.1,1.99,41.31,16.99
230,4,오후 4:45:42.1,2.15,43.04,17.77
231,4,오후 4:45:47.1,1.84,41.16,17.51
232,4,오후 4:45:52.1,2.11,41.64,18.22
233,4,오후 4:45:57.1,1.82,43.63,17.75
234,4,오후 4:46:02.1,2.06,41.54,18.13
235,4,오후 4:46:07.2,1.97,44.77,19.79
236,4,오후 4:46:12.2,1.91,43.39,17.7
237,4,오후 4:46:17.2,1.97,43.23,17.8
238,4,오후 4:46:22.2,1.92,41.22,17.33
239,4,오후 4:46:27.2,2.19,44.39,15.98
240,4,오후 4:46:32.2,2.12,42.61,18.41
241,4,오후 4:46:37.2,1.83,41.8,16.72
242,4,오후 4:46:42.2,1.86,41.87,16.01
243,4,오후 4:46:47.2,2.01,41.65,17.48
244,4,오후 4:46:52.2,2.15,42.65,18.21
245,4,오후 4:46:57.2,1.97,41.44,16.56
246,4,오후 4:47:02.2,2.42,42.94,15.81
247,4,오후 4:47:07.2,1.97,40.44,15.9
248,4,오후 4:47:12.2,1.99,41.22,16.51
249,4,오후 4:47:17.2,2.01,40.66,17.52
250,4,오후 4:47:22.2,2.11,40.13,18.64
251,4,오후 4:47:27.2,1.83,40.32,16.9
252,4,오후 4:47:32.2,2.0,44.8,17.96
253,4,오후 4:47:37.2,2.17,42.44,16.89
254,4,오후 4:47:42.2,2.11,44.38,15.89
255,4,오후 4:47:47.2,2.18,43.84,15.62
256,4,오후 4:47:52.2,2.08,42.29,17.32
257,4,오후 4:47:57.3,1.82,41.2,18.74
258,4,오후 4:48:02.3,1.87,43.94,18.33
259,4,오후 4:48:07.3,2.03,42.04,16.18
260,4,오후 4:48:12.3,1.83,42.7,16.39
261,4,오후 4:48:17.3,1.86,41.2,17.0
262,4,오후 4:48:22.3,2.12,43.57,15.04
263,4,오후 4:48:27.3,2.19,41.94,17.49
264,4,오후 4:48:32.3,2.14,41.4,17.85
265,4,오후 4:48:37.3,2.1,42.33,16.31
266,4,오후 4:48:42.3,1.96,43.5,16.17
267,4,오후 4:48:47.3,2.13,43.33,18.81
268,4,오후 4:48:52.3,1.86,43.19,18.5
269,4,오후 4:48:57.3,2.03,41.19,15.06
270,4,오후 4:49:02.3,2.0,43.39,16.71
271,4,오후 4:49:07.3,2.14,43.0,16.52
272,4,오후 4:49:12.3,1.89,43.47,19.3
273,4,오후 4:49:17.3,2.42,42.94,15.81
274,4,오후 4:49:22.3,2.0,44.63,16.2
275,4,오후 4:49:27.3,2.42,42.94,15.81
276,4,오후 4:49:32.3,1.94,40.09,15.58
277,5,오후 4:49:59.4,2.0,42.0,15.4
278,5,오후 4:50:04.4,1.93,41.62,18.08
279,5,오후 4:50:09.4,2.16,42.83,17.96
280,5,오후 4:50:14.4,1.87,41.6,18.57
281,5,오후 4:50:19.4,2.07,40.16,15.56
282,5,오후 4:50:24.4,2.07,44.34,15.23
283,5,오후 4:50:29.4,2.25,41.13,15.21
284,5,오후 4:50:34.4,1.81,42.69,17.39
285,5,오후 4:50:39.4,1.88,40.86,17.6
286,5,오후 4:50:44.4,1.92,40.22,16.34
287,5,오후 4:50:49.4,1.9,43.98,15.64
288,5,오후 4:50:54.4,1.92,43.86,18.42
289,5,오후 4:50:59.4,1.82,40.12,16.23
290,5,오후 4:51:04.4,1.99,42.35,19.0
291,5,오후 4:51:09.4,2.05,40.43,17.13
292,5,오후 4:51:14.5,2.03,40.47,18.95
293,5,오후 4:51:19.5,1.89,42.15,16.79
294,5,오후 4:51:24.5,2.03,43.53,16.54
295,5,오후 4:51:29.5,2.0,41.33,18.29
296,5,오후 4:51:34.5,2.09,42.06,15.86
297,5,오후 4:51:39.5,2.0,41.33,17.15
298,5,오후 4:51:44.5,2.04,43.57,15.23
299,5,오후 4:51:49.5,2.14,44.89,16.06
300,5,오후 4:51:54.5,2.02,43.93,18.5
301,5,오후 4:51:59.5,2.05,44.82,15.38
302,5,오후 4:52:04.5,1.95,43.48,19.41
303,5,오후 4:52:09.5,2.05,42.4,16.66
304,5,오후 4:52:14.5,1.96,41.46,18.48
305,5,오후 4:52:19.5,2.05,40.22,18.47
306,5,오후 4:52:24.5,2.15,40.65,16.82
307,5,오후 4:52:29.5,2.07,43.34,18.44
308,5,오후 4:52:34.6,1.98,44.46,19.63
309,5,오후 4:52:39.6,1.82,42.09,16.34
310,5,오후 4:52:44.6,1.86,41.35,18.13
311,5,오후 4:52:49.6,2.16,43.89,18.74
312,5,오후 4:52:54.6,2.07,40.7,19.13
313,5,오후 4:52:59.6,2.08,44.07,18.02
314,5,오후 4:53:04.6,1.84,41.25,17.32
315,5,오후 4:53:09.6,2.1,41.85,17.82
316,5,오후 4:53:14.6,2.06,43.91,16.68
317,5,오후 4:53:19.6,2.09,44.65,18.67
318,5,오후 4:53:24.6,1.89,43.36,15.52
319,5,오후 4:53:29.6,1.86,42.84,19.89
320,5,오후 4:53:34.6,2.03,41.07,19.14
321,5,오후 4:53:39.6,2.05,42.04,17.35
322,5,오후 4:53:44.6,1.91,41.71,18.16
323,5,오후 4:53:49.6,1.91,41.91,16.76
324,5,오후 4:53:54.6,1.92,40.13,18.91
325,5,오후 4:53:59.6,2.01,44.47,18.51
326,5,오후 4:54:04.7,1.91,41.96,15.43
327,5,오후 4:54:09.7,2.16,41.35,18.37
328,5,오후 4:54:14.7,1.82,43.7,15.04
329,5,오후 4:54:19.7,2.0,43.03,16.06
330,5,오후 4:54:24.7,1.9,41.03,19.11
331,5,오후 4:54:29.7,1.95,42.94,16.58
332,5,오후 4:54:34.7,2.19,40.7,15.51
333,5,오후 4:54:39.7,1.95,43.69,16.09
334,5,오후 4:54:44.7,2.0,41.06,18.22
335,5,오후 4:54:49.7,1.87,40.75,16.79
336,5,오후 4:54:54.7,1.85,44.5,17.19
337,5,오후 4:54:59.7,2.17,40.7,18.54
338,5,오후 4:55:04.7,1.96,42.94,18.9
339,5,오후 4:55:09.7,2.03,43.69,19.67
340,5,오후 4:55:14.7,2.03,40.56,19.23
341,5,오후 4:55:19.7,2.03,40.79,18.25
342,5,오후 4:55:24.7,2.19,41.99,15.4
343,5,오후 4:55:29.7,1.89,41.82,15.88
344,5,오후 4:55:34.7,2.03,40.42,15.45
345,5,오후 4:55:39.7,2.11,43.47,18.52
346,6,오후 4:56:05.8,2.05,41.86,18.42
347,6,오후 4:56:10.8,2.13,40.23,16.34
348,6,오후 4:56:15.8,2.08,40.38,17.5
349,6,오후 4:56:20.8,2.1,44.18,19.66
350,6,오후 4:56:25.8,2.16,43.99,15.96
351,6,오후 4:56:30.8,1.88,40.13,17.96
352,6,오후 4:56:35.8,1.92,41.56,18.77
353,6,오후 4:56:40.8,1.84,42.76,18.01
354,6,오후 4:56:45.8,2.14,43.82,16.76
355,6,오후 4:56:50.8,1.96,43.68,11.05
356,6,오후 4:56:55.8,2.12,43.56,15.05
357,6,오후 4:57:00.8,2.16,43.0,16.5
358,6,오후 4:57:05.8,2.06,42.22,16.22
359,6,오후 4:57:10.8,1.92,44.33,15.71
360,6,오후 4:57:15.8,2.03,42.81,18.73
361,6,오후 4:57:20.8,1.85,44.04,16.76
362,6,오후 4:57:25.9,1.93,40.6,15.66
363,6,오후 4:57:30.9,1.83,41.89,17.89
364,6,오후 4:57:35.9,1.85,44.82,19.15
365,6,오후 4:57:40.9,1.96,43.68,11.05
366,6,오후 4:57:45.9,1.83,43.37,18.01
367,6,오후 4:57:50.9,2.1,42.33,16.72
368,6,오후 4:57:55.9,1.84,40.07,17.85
369,6,오후 4:58:00.9,1.89,44.57,16.18
370,6,오후 4:58:05.9,2.08,42.63,16.98
371,6,오후 4:58:10.9,1.87,42.27,17.26
372,6,오후 4:58:15.9,2.04,42.86,16.13
373,6,오후 4:58:20.9,1.86,40.25,17.84
374,6,오후 4:58:25.9,2.03,43.8,17.82
375,6,오후 4:58:30.9,1.89,42.64,18.99
376,6,오후 4:58:35.9,2.19,42.75,15.45
377,6,오후 4:58:40.9,1.96,43.68,11.05
378,6,오후 4:58:45.9,1.97,40.25,16.51
379,6,오후 4:58:50.9,1.91,43.04,18.49
380,6,오후 4:58:55.9,2.05,43.38,19.22
381,6,오후 4:59:00.9,1.97,43.13,17.01
382,6,오후 4:59:06.0,2.01,41.26,17.75
383,6,오후 4:59:11.0,2.1,44.11,18.08
384,6,오후 4:59:16.0,2.02,43.78,15.66
385,6,오후 4:59:21.0,2.19,44.92,19.91
386,6,오후 4:59:26.0,1.85,41.07,16.29
387,6,오후 4:59:31.0,2.04,40.86,16.95
388,6,오후 4:59:36.0,1.82,41.71,19.13
389,6,오후 4:59:41.0,1.83,40.48,15.42
390,6,오후 4:59:46.0,1.98,40.02,17.56
391,6,오후 4:59:51.0,1.98,43.19,16.91
392,6,오후 4:59:56.0,1.89,42.1,16.11
393,6,오후 5:00:01.0,1.85,41.88,17.71
394,6,오후 5:00:06.0,2.02,40.85,17.17
395,6,오후 5:00:11.0,2.13,44.84,16.89
396,6,오후 5:00:16.0,2.03,44.47,18.56
397,6,오후 5:00:21.0,1.92,41.56,15.97
398,6,오후 5:00:26.1,1.83,41.32,19.1
399,6,오후 5:00:31.1,1.81,41.98,16.94
400,6,오후 5:00:36.1,2.06,41.32,16.32
401,6,오후 5:00:41.1,2.1,41.52,18.74
402,6,오후 5:00:46.1,2.1,43.42,18.01
403,6,오후 5:00:51.1,1.86,40.18,17.89
404,6,오후 5:00:56.1,1.96,43.68,11.05
405,6,오후 5:01:01.1,1.83,42.25,15.67
406,6,오후 5:01:06.1,2.13,41.92,18.28
407,6,오후 5:01:11.1,2.19,43.02,15.24
408,6,오후 5:01:16.1,1.91,43.08,15.21
409,6,오후 5:01:21.1,2.06,40.85,16.54
410,6,오후 5:01:26.1,2.19,44.96,15.62
411,6,오후 5:01:31.1,2.12,41.33,17.14
412,6,오후 5:01:36.1,1.87,40.05,19.08
413,6,오후 5:01:41.1,2.06,42.8,16.5
414,6,오후 5:01:46.1,1.84,44.65,17.41
415,7,오후 5:02:11.3,2.02,42.13,17.02
416,7,오후 5:02:16.3,1.99,43.5,16.04
417,7,오후 5:02:21.3,1.87,41.25,15.18
418,7,오후 5:02:26.3,1.85,42.72,16.83
419,7,오후 5:02:31.3,1.93,43.88,15.6
420,7,오후 5:02:36.3,2.15,41.16,16.49
421,7,오후 5:02:41.3,2.04,40.33,17.16
422,7,오후 5:02:46.3,1.96,44.55,17.43
423,7,오후 5:02:51.3,2.03,43.36,17.89
424,7,오후 5:02:56.3,1.83,43.93,18.07
425,7,오후 5:03:01.3,2.1,43.0,15.66
426,7,오후 5:03:06.3,2.0,41.83,15.46
427,7,오후 5:03:11.3,2.09,44.14,17.94
428,7,오후 5:03:16.3,2.08,42.41,17.29
429,7,오후 5:03:21.4,1.83,44.22,16.53
430,7,오후 5:03:26.4,2.11,40.77,15.67
431,7,오후 5:03:31.4,2.13,40.44,19.86
432,7,오후 5:03:36.4,1.93,41.34,17.58
433,7,오후 5:03:41.4,1.85,42.03,16.78
434,7,오후 5:03:46.4,1.84,41.56,19.28
435,7,오후 5:03:51.4,1.93,43.15,16.1
436,7,오후 5:03:56.4,1.85,42.65,18.48
437,7,오후 5:04:01.4,1.92,44.08,16.03
438,7,오후 5:04:06.4,2.14,43.31,18.13
439,7,오후 5:04:11.4,1.83,42.76,17.05
440,7,오후 5:04:16.4,2.16,43.4,17.02
441,7,오후 5:04:21.4,2.06,40.94,18.51
442,7,오후 5:04:26.4,1.87,43.18,18.34
443,7,오후 5:04:31.4,2.18,41.06,18.58
444,7,오후 5:04:36.4,2.0,41.49,16.02
445,7,오후 5:04:41.4,1.99,41.48,15.97
446,7,오후 5:04:46.4,2.17,41.43,18.38
447,7,오후 5:04:51.4,1.92,42.1,18.74
448,7,오후 5:04:56.4,2.17,42.3,15.34
449,7,오후 5:05:01.4,1.84,43.71,18.11
450,7,오후 5:05:06.4,2.09,40.81,19.59
451,7,오후 5:05:11.4,1.91,41.44,18.87
452,7,오후 5:05:16.4,2.04,40.96,17.69
453,7,오후 5:05:21.5,1.82,44.64,15.02
454,7,오후 5:05:26.5,1.82,44.42,15.61
455,7,오후 5:05:31.5,2.16,40.08,17.14
456,7,오후 5:05:36.5,2.07,43.0,16.92
457,7,오후 5:05:41.5,1.91,40.41,17.12
458,7,오후 5:05:46.5,2.16,43.3,19.39
459,7,오후 5:05:51.5,1.95,42.24,18.9
460,7,오후 5:05:56.5,1.92,40.41,17.1
461,7,오후 5:06:01.5,1.84,43.27,16.41
462,7,오후 5:06:06.5,1.88,43.86,18.65
463,7,오후 5:06:11.5,2.04,42.3,16.56
464,7,오후 5:06:16.5,1.93,41.66,15.41
465,7,오후 5:06:21.5,2.1,43.89,17.73
466,7,오후 5:06:26.5,1.87,43.72,15.91
467,7,오후 5:06:31.5,1.92,41.96,17.28
468,7,오후 5:06:36.5,2.02,41.37,19.85
469,7,오후 5:06:41.5,2.08,44.88,16.78
470,7,오후 5:06:46.5,2.01,43.43,19.11
471,7,오후 5:06:51.5,2.13,40.89,16.55
472,7,오후 5:06:56.5,1.99,40.19,19.95
473,7,오후 5:07:01.5,2.11,42.58,19.08
474,7,오후 5:07:06.6,1.83,43.48,16.2
475,7,오후 5:07:11.6,1.84,40.43,18.5
476,7,오후 5:07:16.6,2.09,41.24,17.05
477,7,오후 5:07:21.6,1.89,42.89,15.28
478,7,오후 5:07:26.6,1.86,43.73,17.07
479,7,오후 5:07:31.6,2.19,44.9,18.98
480,7,오후 5:07:36.6,1.99,44.53,19.68
481,7,오후 5:07:41.6,2.18,43.34,15.87
482,7,오후 5:07:46.6,1.88,43.1,18.92
483,7,오후 5:07:51.6,2.16,41.09,18.24
484,8,오후 5:08:17.8,1.95,40.96,16.6
485,8,오후 5:08:22.8,1.85,42.33,16.47
486,8,오후 5:08:27.8,2.16,42.57,16.87
487,8,오후 5:08:32.8,2.0,42.76,18.93
488,8,오후 5:08:37.8,1.88,42.89,18.12
489,8,오후 5:08:42.8,1.88,43.79,17.69
490,8,오후 5:08:47.8,2.01,43.99,16.48
491,8,오후 5:08:52.8,1.9,37.47,15.06
492,8,오후 5:08:57.8,1.82,43.83,17.04
493,8,오후 5:09:02.8,1.96,42.57,16.65
494,8,오후 5:09:07.9,2.13,42.71,15.59
495,8,오후 5:09:12.9,2.08,44.76,18.14
496,8,오후 5:09:17.9,1.91,44.22,16.02
497,8,오후 5:09:22.9,1.96,40.08,18.28
498,8,오후 5:09:27.9,1.94,40.09,19.08
499,8,오후 5:09:32.9,2.18,41.11,19.0
500,8,오후 5:09:37.9,1.94,42.66,17.66
501,8,오후 5:09:42.9,1.81,41.64,17.29
502,8,오후 5:09:47.9,1.86,44.67,19.82
503,8,오후 5:09:52.9,1.89,44.6,17.23
504,8,오후 5:09:57.9,1.87,44.56,19.45
505,8,오후 5:10:02.9,2.0,43.72,17.31
506,8,오후 5:10:07.9,2.08,44.98,15.34
507,8,오후 5:10:12.9,2.19,40.79,17.91
508,8,오후 5:10:17.9,2.04,43.45,18.05
509,8,오후 5:10:22.9,2.13,41.29,15.24
510,8,오후 5:10:27.9,1.87,42.6,19.36
511,8,오후 5:10:32.9,2.18,43.64,15.54
512,8,오후 5:10:37.9,2.09,41.74,15.94
513,8,오후 5:10:42.9,1.86,42.39,16.72
514,8,오후 5:10:47.9,2.19,40.8,17.5
515,8,오후 5:10:53.0,1.89,44.29,16.84
516,8,오후 5:10:58.0,1.97,43.11,16.92
517,8,오후 5:11:03.0,2.04,40.41,15.11
518,8,오후 5:11:08.0,1.88,43.84,17.04
519,8,오후 5:11:13.0,2.11,42.82,18.79
520,8,오후 5:11:18.0,2.02,41.7,17.65
521,8,오후 5:11:23.0,1.97,33.21,19.16
522,8,오후 5:11:28.0,2.07,42.66,18.52
523,8,오후 5:11:33.0,1.94,42.73,18.9
524,8,오후 5:11:38.0,2.03,43.01,16.29
525,8,오후 5:11:43.0,2.07,44.47,15.31
526,8,오후 5:11:48.0,2.17,44.74,18.87
527,8,오후 5:11:53.0,1.85,43.73,15.26
528,8,오후 5:11:58.0,1.93,44.5,15.79
529,8,오후 5:12:03.0,1.92,42.61,19.74
530,8,오후 5:12:08.0,1.82,41.75,15.17
531,8,오후 5:12:13.0,1.96,40.09,15.55
532,8,오후 5:12:18.0,2.11,41.87,17.49
533,8,오후 5:12:23.1,1.98,40.83,16.64
534,8,오후 5:12:28.1,1.98,42.68,16.58
535,8,오후 5:12:33.1,2.18,41.56,15.33
536,8,오후 5:12:38.1,2.15,42.2,19.98
537,8,오후 5:12:43.1,1.98,43.0,16.52
538,8,오후 5:12:48.1,2.11,40.49,18.4
539,8,오후 5:12:53.1,1.81,40.92,18.3
540,8,오후 5:12:58.1,1.81,42.3,19.32
541,8,오후 5:13:03.1,2.07,43.81,18.53
542,8,오후 5:13:08.1,1.81,43.3,17.61
543,8,오후 5:13:13.1,2.15,44.72,18.33
544,8,오후 5:13:18.1,1.86,41.08,16.14
545,8,오후 5:13:23.1,1.89,43.79,18.12
546,8,오후 5:13:28.1,2.18,41.67,17.79
547,8,오후 5:13:33.1,2.0,43.11,17.15
548,8,오후 5:13:38.1,1.95,43.23,16.77
549,8,오후 5:13:43.1,1.97,43.44,19.5
550,8,오후 5:13:48.1,1.93,42.4,19.05
551,8,오후 5:13:53.1,1.87,44.33,19.39
552,8,오후 5:13:58.1,1.86,41.49,17.46
553,9,오후 5:14:24.1,2.05,44.37,18.58
554,9,오후 5:14:29.1,1.84,40.97,16.38
555,9,오후 5:14:34.1,2.11,40.92,18.92
556,9,오후 5:14:39.1,2.21,40.58,17.08
557,9,오후 5:14:44.1,1.93,42.15,18.89
558,9,오후 5:14:49.1,2.01,42.97,15.45
559,9,오후 5:14:54.1,1.9,43.38,19.07
560,9,오후 5:14:59.1,2.05,41.69,16.25
561,9,오후 5:15:04.1,2.03,44.34,18.78
562,9,오후 5:15:09.1,2.05,42.48,16.35
563,9,오후 5:15:14.1,1.86,43.03,16.2
564,9,오후 5:15:19.1,2.11,40.58,19.9
565,9,오후 5:15:24.1,2.19,42.8,18.07
566,9,오후 5:15:29.1,1.96,42.89,18.98
567,9,오후 5:15:34.1,1.98,42.14,18.37
568,9,오후 5:15:39.2,2.12,40.73,19.19
569,9,오후 5:15:44.2,2.0,43.51,15.47
570,9,오후 5:15:49.2,1.89,43.3,15.8
571,9,오후 5:15:54.2,1.82,40.53,19.63
572,9,오후 5:15:59.2,2.16,40.82,19.96
573,9,오후 5:16:04.2,1.93,43.45,17.52
574,9,오후 5:16:09.2,1.88,42.17,18.16
575,9,오후 5:16:14.2,1.88,42.96,16.98
576,9,오후 5:16:19.2,1.83,43.91,15.7
577,9,오후 5:16:24.2,2.02,41.9,17.47
578,9,오후 5:16:29.2,2.16,44.7,18.59
579,9,오후 5:16:34.2,2.09,43.64,18.52
580,9,오후 5:16:39.2,1.98,40.06,17.38
581,9,오후 5:16:44.2,1.85,40.38,15.26
582,9,오후 5:16:49.2,1.84,40.19,18.2
583,9,오후 5:16:54.2,2.12,36.14,15.02
584,9,오후 5:16:59.2,2.15,41.33,15.57
585,9,오후 5:17:04.2,1.84,41.64,17.08
586,9,오후 5:17:09.3,1.99,41.19,17.27
587,9,오후 5:17:14.3,2.17,44.4,16.04
588,9,오후 5:17:19.3,2.02,43.86,18.58
589,9,오후 5:17:24.3,2.07,42.6,18.99
590,9,오후 5:17:29.3,2.13,43.54,16.46
591,9,오후 5:17:34.3,1.83,43.61,18.42
592,9,오후 5:17:39.3,2.19,42.38,15.2
593,9,오후 5:17:44.3,2.0,41.5,15.72
594,9,오후 5:17:49.3,1.99,42.55,15.55
595,9,오후 5:17:54.3,2.19,43.16,16.74
596,9,오후 5:17:59.3,1.88,42.59,17.23
597,9,오후 5:18:04.3,1.94,44.37,17.18
598,9,오후 5:18:09.3,1.83,40.49,19.11
599,9,오후 5:18:14.3,2.07,43.63,17.3
600,9,오후 5:18:19.3,2.16,43.58,19.56
601,9,오후 5:18:24.3,1.88,43.89,16.12
602,9,오후 5:18:29.3,1.96,44.47,15.6
603,9,오후 5:18:34.3,1.93,43.4,17.15
604,9,오후 5:18:39.3,1.98,40.41,15.9
605,9,오후 5:18:44.3,1.86,44.19,19.52
606,9,오후 5:18:49.4,2.02,43.35,16.41
607,9,오후 5:18:54.4,1.9,43.35,17.03
608,9,오후 5:18:59.4,2.03,41.97,15.24
609,9,오후 5:19:04.4,2.19,40.64,19.07
610,9,오후 5:19:09.4,1.89,41.4,19.19
611,9,오후 5:19:14.4,2.02,40.88,15.74
612,9,오후 5:19:19.4,1.84,43.61,19.44
613,9,오후 5:19:24.4,2.0,41.35,16.84
614,9,오후 5:19:29.4,2.0,40.41,17.01
615,9,오후 5:19:34.4,1.92,43.23,15.36
616,9,오후 5:19:39.4,1.94,40.27,18.65
617,9,오후 5:19:44.4,1.81,41.93,16.85
618,9,오후 5:19:49.4,2.15,43.37,16.87
619,9,오후 5:19:54.4,2.06,40.62,19.35
620,9,오후 5:19:59.4,1.97,40.47,15.93
621,9,오후 5:20:04.4,2.1,44.3,17.42
622,10,오후 5:20:32.0,2.11,42.81,18.6
623,10,오후 5:20:37.0,2.14,43.14,16.51
624,10,오후 5:20:42.0,2.07,44.58,15.08
625,10,오후 5:20:47.0,2.08,43.28,17.39
626,10,오후 5:20:52.0,1.85,42.99,17.07
627,10,오후 5:20:57.0,2.03,43.59,16.22
628,10,오후 5:21:02.0,1.87,42.53,16.0
629,10,오후 5:21:07.0,1.92,42.53,17.51
630,10,오후 5:21:12.0,2.05,40.24,17.83
631,10,오후 5:21:17.0,1.88,44.56,17.36
632,10,오후 5:21:22.0,1.88,43.08,16.98
633,10,오후 5:21:27.0,2.12,40.32,19.4
634,10,오후 5:21:32.1,2.12,43.51,15.53
635,10,오후 5:21:37.1,1.87,43.92,15.45
636,10,오후 5:21:42.1,2.17,41.17,18.31
637,10,오후 5:21:47.1,2.16,41.08,18.22
638,10,오후 5:21:52.1,2.16,40.44,19.57
639,10,오후 5:21:57.1,2.18,43.97,15.69
640,10,오후 5:22:02.1,1.86,40.18,15.57
641,10,오후 5:22:07.1,2.02,42.92,16.88
642,10,오후 5:22:12.1,2.17,42.4,15.54
643,10,오후 5:22:17.1,2.17,41.8,16.29
644,10,오후 5:22:22.1,1.91,42.15,15.73
645,10,오후 5:22:27.1,2.15,42.2,19.69
646,10,오후 5:22:32.1,2.09,40.62,19.14
647,10,오후 5:22:37.1,1.92,41.18,15.93
648,10,오후 5:22:42.1,1.83,44.96,15.5
649,10,오후 5:22:47.1,2.08,44.44,17.99
650,10,오후 5:22:52.1,1.92,43.14,17.66
651,10,오후 5:22:57.1,2.07,41.43,16.27
652,10,오후 5:23:02.2,1.88,43.49,16.9
653,10,오후 5:23:07.2,2.11,43.87,17.77
654,10,오후 5:23:12.2,2.08,42.79,19.61
655,10,오후 5:23:17.2,2.17,40.47,15.75
656,10,오후 5:23:22.2,1.81,44.28,17.47
657,10,오후 5:23:27.2,2.04,44.04,18.81
658,10,오후 5:23:32.2,1.9,43.89,18.94
659,10,오후 5:23:37.2,2.06,40.69,15.65
660,10,오후 5:23:42.2,2.14,43.18,16.67
661,10,오후 5:23:47.2,1.97,44.57,17.86
662,10,오후 5:23:52.2,2.41,42.09,18.75
663,10,오후 5:23:57.2,2.09,41.63,18.15
664,10,오후 5:24:02.2,2.06,44.87,19.73
665,10,오후 5:24:07.2,1.88,42.08,15.79
666,10,오후 5:24:12.2,2.03,41.8,18.71
667,10,오후 5:24:17.2,1.85,40.48,18.02
668,10,오후 5:24:22.2,2.04,42.39,16.38
669,10,오후 5:24:27.2,1.91,43.1,17.71
670,10,오후 5:24:32.2,1.81,43.37,18.39
671,10,오후 5:24:37.3,1.87,43.62,16.93
672,10,오후 5:24:42.3,2.11,43.07,17.78
673,10,오후 5:24:47.3,2.13,41.01,18.27
674,10,오후 5:24:52.3,2.08,42.61,19.87
675,10,오후 5:24:57.3,1.99,42.29,16.72
676,10,오후 5:25:02.3,2.14,37.61,15.79
677,10,오후 5:25:07.3,1.9,42.1,16.36
678,10,오후 5:25:12.3,1.94,44.23,17.58
679,10,오후 5:25:17.3,2.08,40.95,15.38
680,10,오후 5:25:22.3,1.83,44.7,16.56
681,10,오후 5:25:27.3,2.02,40.76,18.54
682,10,오후 5:25:32.3,2.1,43.47,15.69
683,10,오후 5:25:37.3,2.09,41.73,18.41
684,10,오후 5:25:42.3,2.01,42.86,19.72
685,10,오후 5:25:47.3,2.09,43.76,19.06
686,10,오후 5:25:52.3,1.96,44.35,15.21
687,10,오후 5:25:57.3,1.87,42.47,17.29
688,10,오후 5:26:02.3,2.13,40.94,15.99
689,10,오후 5:26:07.3,1.98,40.31,16.02
690,10,오후 5:26:12.3,1.9,44.84,16.41
691,11,오후 5:26:39.5,1.83,42.09,17.19
692,11,오후 5:26:44.5,1.99,40.3,18.2
693,11,오후 5:26:49.5,1.92,44.84,16.74
694,11,오후 5:26:54.5,1.99,41.42,18.25
695,11,오후 5:26:59.5,2.02,41.83,19.15
696,11,오후 5:27:04.5,2.01,40.73,19.54
697,11,오후 5:27:09.5,1.95,40.27,17.34
698,11,오후 5:27:14.6,1.83,40.42,17.4
699,11,오후 5:27:19.6,1.93,42.54,17.07
700,11,오후 5:27:24.6,1.84,41.93,15.89
701,11,오후 5:27:29.6,2.07,40.99,17.9
702,11,오후 5:27:34.6,2.08,42.43,18.6
703,11,오후 5:27:39.6,2.07,42.49,16.32
704,11,오후 5:27:44.6,1.93,41.3,18.23
705,11,오후 5:27:49.6,2.05,44.15,17.8
706,11,오후 5:27:54.6,2.18,44.87,17.53
707,11,오후 5:27:59.6,1.84,41.66,17.2
708,11,오후 5:28:04.6,1.84,41.24,18.41
709,11,오후 5:28:09.6,2.1,40.77,17.52
710,11,오후 5:28:14.6,2.16,42.58,17.48
711,11,오후 5:28:19.6,2.02,42.23,16.71
712,11,오후 5:28:24.6,2.19,41.7,17.15
713,11,오후 5:28:29.6,1.91,44.41,16.15
714,11,오후 5:28:34.6,1.86,42.79,16.67
715,11,오후 5:28:39.6,1.84,44.41,16.92
716,11,오후 5:28:44.6,2.08,40.92,17.25
717,11,오후 5:28:49.6,1.84,40.11,15.3
718,11,오후 5:28:54.6,2.07,43.46,15.98
719,11,오후 5:28:59.6,1.89,40.51,16.96
720,11,오후 5:29:04.7,1.96,43.99,17.68
721,11,오후 5:29:09.7,1.97,41.6,15.53
722,11,오후 5:29:14.7,1.81,40.21,19.27
723,11,오후 5:29:19.7,1.99,41.88,17.58
724,11,오후 5:29:24.7,2.0,43.18,17.0
725,11,오후 5:29:29.7,1.99,41.77,16.14
726,11,오후 5:29:34.7,1.91,41.29,17.51
727,11,오후 5:29:39.7,2.08,44.47,18.75
728,11,오후 5:29:44.7,2.16,42.7,17.33
729,11,오후 5:29:49.7,2.13,40.32,17.37
730,11,오후 5:29:54.7,1.92,44.39,15.71
731,11,오후 5:29:59.7,2.18,41.35,17.58
732,11,오후 5:30:04.7,2.19,42.76,15.5
733,11,오후 5:30:09.7,2.02,44.66,15.59
734,11,오후 5:30:14.7,2.04,43.8,18.91
735,11,오후 5:30:19.7,1.81,43.97,17.57
736,11,오후 5:30:24.7,1.9,43.98,12.59
737,11,오후 5:30:29.7,2.0,40.84,17.28
738,11,오후 5:30:34.8,1.84,41.13,16.36
739,11,오후 5:30:39.8,1.82,44.12,18.87
740,11,오후 5:30:44.8,2.14,40.94,15.84
741,11,오후 5:30:49.8,1.98,41.35,15.86
742,11,오후 5:30:54.8,1.94,44.85,15.6
743,11,오후 5:30:59.8,1.89,42.25,15.71
744,11,오후 5:31:04.8,2.05,40.98,17.21
745,11,오후 5:31:09.8,2.01,42.57,18.58
746,11,오후 5:31:14.8,2.17,41.61,15.22
747,11,오후 5:31:19.8,1.81,40.04,16.5
748,11,오후 5:31:24.8,2.17,44.65,16.5
749,11,오후 5:31:29.8,2.01,44.1,17.29
750,11,오후 5:31:34.8,1.92,40.14,16.48
751,11,오후 5:31:39.8,2.03,41.58,15.25
752,11,오후 5:31:44.8,1.99,40.53,17.75
753,11,오후 5:31:49.8,2.03,44.94,17.82
754,11,오후 5:31:54.8,1.81,44.37,16.11
755,11,오후 5:31:59.8,1.98,42.83,17.72
756,11,오후 5:32:04.8,1.93,42.29,17.4
757,11,오후 5:32:09.8,2.02,41.77,17.68
758,11,오후 5:32:14.8,1.91,43.12,17.45
759,11,오후 5:32:19.8,1.92,44.03,15.77
760,12,오후 5:32:46.0,1.93,40.6,18.63
761,12,오후 5:32:51.0,1.93,43.89,16.78
762,12,오후 5:32:56.0,1.9,42.57,17.22
763,12,오후 5:33:01.0,1.93,40.33,15.47
764,12,오후 5:33:06.1,2.0,44.4,15.05
765,12,오후 5:33:11.1,2.0,40.02,18.82
766,12,오후 5:33:16.1,2.18,40.32,18.46
767,12,오후 5:33:21.1,1.91,43.8,16.05
768,12,오후 5:33:26.1,1.82,42.26,18.38
769,12,오후 5:33:31.1,2.03,44.05,16.42
770,12,오후 5:33:36.1,1.85,43.13,17.69
771,12,오후 5:33:41.1,2.17,42.5,16.19
772,12,오후 5:33:46.1,2.12,44.51,16.7
773,12,오후 5:33:51.1,2.1,44.44,17.96
774,12,오후 5:33:56.1,2.12,43.6,16.53
775,12,오후 5:34:01.1,1.87,43.01,18.45
776,12,오후 5:34:06.1,2.04,42.33,18.38
777,12,오후 5:34:11.1,1.92,41.45,19.57
778,12,오후 5:34:16.1,2.16,40.92,19.51
779,12,오후 5:34:21.1,2.01,41.03,18.45
780,12,오후 5:34:26.1,1.82,41.85,17.96
781,12,오후 5:34:31.1,2.0,41.83,17.28
782,12,오후 5:34:36.1,1.96,41.74,17.98
783,12,오후 5:34:41.2,2.08,40.65,16.73
784,12,오후 5:34:46.2,1.92,42.1,17.37
785,12,오후 5:34:51.2,1.98,41.96,18.97
786,12,오후 5:34:56.2,2.15,44.35,17.68
787,12,오후 5:35:01.2,2.03,42.2,18.65
788,12,오후 5:35:06.2,1.93,42.75,18.13
789,12,오후 5:35:11.2,2.11,42.03,18.77
790,12,오후 5:35:16.2,1.85,43.84,17.79
791,12,오후 5:35:21.2,2.13,43.63,16.11
792,12,오후 5:35:26.2,2.11,42.48,19.92
793,12,오후 5:35:31.2,2.01,42.27,18.11
794,12,오후 5:35:36.2,1.94,41.88,19.91
795,12,오후 5:35:41.2,2.13,41.89,18.02
796,12,오후 5:35:46.2,1.94,44.86,16.18
797,12,오후 5:35:51.2,2.13,40.84,15.48
798,12,오후 5:35:56.3,2.1,42.5,18.45
799,12,오후 5:36:01.3,1.88,42.18,15.51
800,12,오후 5:36:06.3,2.02,40.81,18.82
801,12,오후 5:36:11.3,1.98,43.29,17.31
802,12,오후 5:36:16.3,1.9,42.72,19.92
803,12,오후 5:36:21.3,1.84,43.75,17.55
804,12,오후 5:36:26.3,1.93,40.26,18.61
805,12,오후 5:36:31.3,2.45,44.06,18.05
806,12,오후 5:36:36.3,2.03,42.45,19.17
807,12,오후 5:36:41.3,2.43,41.56,17.88
808,12,오후 5:36:46.3,2.0,41.84,15.88
809,12,오후 5:36:51.3,2.11,43.25,18.65
810,12,오후 5:36:56.3,1.92,42.72,16.88
811,12,오후 5:37:01.3,1.95,40.91,17.39
812,12,오후 5:37:06.3,2.03,42.15,19.55
813,12,오후 5:37:11.3,2.15,40.27,16.95
814,12,오후 5:37:16.3,1.81,44.52,18.38
815,12,오후 5:37:21.3,2.04,40.8,18.64
816,12,오후 5:37:26.4,1.95,44.16,16.57
817,12,오후 5:37:31.4,1.9,41.93,18.01
818,12,오후 5:37:36.4,1.97,42.27,18.22
819,12,오후 5:37:41.4,2.13,41.23,18.96
820,12,오후 5:37:46.4,2.15,41.82,17.75
821,12,오후 5:37:51.4,2.06,43.62,19.05
822,12,오후 5:37:56.4,1.86,44.54,18.1
823,12,오후 5:38:01.4,2.01,43.8,16.73
824,12,오후 5:38:06.4,1.95,42.46,17.48
825,12,오후 5:38:11.4,2.01,42.58,15.68
826,12,오후 5:38:16.4,2.05,41.37,19.39
827,12,오후 5:38:21.4,1.84,37.35,17.69
828,12,오후 5:38:26.4,2.12,42.47,17.78
829,13,오후 5:38:54.3,2.04,44.29,17.11
830,13,오후 5:38:59.3,1.86,43.32,16.63
831,13,오후 5:39:04.3,2.17,41.47,19.54
832,13,오후 5:39:09.3,2.49,41.69,15.89
833,13,오후 5:39:14.3,1.94,41.85,19.98
834,13,오후 5:39:19.3,1.83,43.8,16.99
835,13,오후 5:39:24.3,2.05,40.86,18.05
836,13,오후 5:39:29.3,1.83,41.35,18.57
837,13,오후 5:39:34.3,1.88,42.97,17.56
838,13,오후 5:39:39.3,2.02,42.45,18.66
839,13,오후 5:39:44.3,2.13,41.71,16.13
840,13,오후 5:39:49.3,1.98,40.33,17.28
841,13,오후 5:39:54.3,2.49,41.69,15.89
842,13,오후 5:39:59.4,2.01,43.69,17.98
843,13,오후 5:40:04.4,2.0,44.43,17.51
844,13,오후 5:40:09.4,2.13,42.17,16.82
845,13,오후 5:40:14.4,1.92,40.41,17.76
846,13,오후 5:40:19.4,1.9,41.69,18.12
847,13,오후 5:40:24.4,2.16,41.4,19.91
848,13,오후 5:40:29.4,2.19,40.11,19.08
849,13,오후 5:40:34.4,1.92,42.73,18.42
850,13,오후 5:40:39.4,2.19,43.14,17.82
851,13,오후 5:40:44.4,2.06,44.81,15.52
852,13,오후 5:40:49.4,1.87,40.74,15.63
853,13,오후 5:40:54.4,2.15,41.83,18.32
854,13,오후 5:40:59.4,1.93,42.15,16.51
855,13,오후 5:41:04.4,1.91,40.34,18.0
856,13,오후 5:41:09.4,1.94,42.3,15.72
857,13,오후 5:41:14.4,2.49,41.69,15.89
858,13,오후 5:41:19.4,1.9,44.01,18.09
859,13,오후 5:41:24.4,1.98,43.72,16.95
860,13,오후 5:41:29.4,2.06,44.85,17.33
861,13,오후 5:41:34.4,1.93,40.4,16.39
862,13,오후 5:41:39.4,2.16,42.43,16.15
863,13,오후 5:41:44.5,2.15,43.47,17.87
864,13,오후 5:41:49.5,1.91,42.78,19.96
865,13,오후 5:41:54.5,1.98,43.15,18.23
866,13,오후 5:41:59.5,2.04,44.17,16.53
867,13,오후 5:42:04.5,2.49,41.69,15.89
868,13,오후 5:42:09.5,2.1,40.98,18.41
869,13,오후 5:42:14.5,2.0,42.62,17.28
870,13,오후 5:42:19.5,1.96,44.47,15.74
871,13,오후 5:42:24.5,1.95,43.1,17.97
872,13,오후 5:42:29.5,2.06,43.23,18.08
873,13,오후 5:42:34.5,2.03,42.53,18.71
874,13,오후 5:42:39.5,2.17,43.84,18.96
875,13,오후 5:42:44.5,1.88,40.41,19.91
876,13,오후 5:42:49.5,1.83,43.19,18.91
877,13,오후 5:42:54.5,1.81,40.53,18.71
878,13,오후 5:42:59.5,1.89,43.04,16.44
879,13,오후 5:43:04.5,1.99,42.9,18.88
880,13,오후 5:43:09.5,1.93,42.1,15.37
881,13,오후 5:43:14.5,2.14,40.02,17.7
882,13,오후 5:43:19.5,1.96,43.05,19.11
883,13,오후 5:43:24.5,2.07,41.21,17.79
884,13,오후 5:43:29.5,2.19,40.22,15.33
885,13,오후 5:43:34.5,1.99,42.27,17.66
886,13,오후 5:43:39.5,2.04,41.56,17.4
887,13,오후 5:43:44.6,1.94,41.32,19.06
888,13,오후 5:43:49.6,2.07,43.13,18.76
889,13,오후 5:43:54.6,2.03,41.56,17.55
890,13,오후 5:43:59.6,1.95,44.83,17.28
891,13,오후 5:44:04.6,2.04,41.27,19.3
892,13,오후 5:44:09.6,1.97,43.04,18.53
893,13,오후 5:44:14.6,1.91,44.34,16.02
894,13,오후 5:44:19.6,2.16,43.43,18.53
895,13,오후 5:44:24.6,1.93,44.03,17.98
896,13,오후 5:44:29.6,2.11,43.56,16.68
897,13,오후 5:44:34.6,1.96,43.54,15.64
898,14,오후 5:45:02.5,2.13,41.17,19.37
899,14,오후 5:45:07.6,1.99,42.5,19.82
900,14,오후 5:45:12.6,2.09,41.83,15.86
901,14,오후 5:45:17.6,2.02,44.4,17.75
902,14,오후 5:45:22.6,2.16,44.67,16.13
903,14,오후 5:45:27.6,2.09,44.45,15.23
904,14,오후 5:45:32.6,1.9,42.44,16.23
905,14,오후 5:45:37.6,2.17,44.73,17.22
906,14,오후 5:45:42.6,2.0,43.9,15.83
907,14,오후 5:45:47.6,2.18,43.28,19.17
908,14,오후 5:45:52.6,1.99,42.26,19.07
909,14,오후 5:45:57.6,1.99,44.33,16.76
910,14,오후 5:46:02.6,2.18,43.74,17.52
911,14,오후 5:46:07.6,1.86,42.98,16.83
912,14,오후 5:46:12.6,1.9,42.59,17.2
913,14,오후 5:46:17.6,2.19,44.19,18.24
914,14,오후 5:46:22.6,1.81,43.34,16.12
915,14,오후 5:46:27.7,1.97,41.54,17.16
916,14,오후 5:46:32.7,2.01,44.15,19.96
917,14,오후 5:46:37.7,2.06,43.91,19.85
918,14,오후 5:46:42.7,1.89,42.14,17.13
919,14,오후 5:46:47.7,2.08,43.66,17.58
920,14,오후 5:46:52.7,1.85,42.38,16.93
921,14,오후 5:46:57.7,2.06,42.32,19.26
922,14,오후 5:47:02.7,1.9,42.5,16.32
923,14,오후 5:47:07.7,2.07,44.26,18.29
924,14,오후 5:47:12.7,1.9,40.48,19.54
925,14,오후 5:47:17.7,1.99,41.42,16.96
926,14,오후 5:47:22.7,2.19,40.06,16.41
927,14,오후 5:47:27.7,1.88,43.53,17.27
928,14,오후 5:47:32.7,2.17,40.73,15.57
929,14,오후 5:47:37.7,2.01,41.71,18.82
930,14,오후 5:47:42.7,1.83,42.09,15.03
931,14,오후 5:47:47.7,2.08,40.86,18.73
932,14,오후 5:47:52.7,1.87,44.32,17.66
933,14,오후 5:47:57.7,1.89,40.33,18.5
934,14,오후 5:48:02.7,2.17,43.94,15.11
935,14,오후 5:48:07.8,2.17,43.4,19.03
936,14,오후 5:48:12.8,2.04,41.61,16.77
937,14,오후 5:48:17.8,2.02,40.75,18.39
938,14,오후 5:48:22.8,1.97,42.61,19.78
939,14,오후 5:48:27.8,2.02,43.22,18.18
940,14,오후 5:48:32.8,2.03,40.79,17.85
941,14,오후 5:48:37.8,2.14,44.16,15.82
942,14,오후 5:48:42.8,2.04,40.59,17.24
943,14,오후 5:48:47.8,1.9,40.66,15.77
944,14,오후 5:48:52.8,1.89,41.94,16.84
945,14,오후 5:48:57.8,2.04,42.29,17.31
946,14,오후 5:49:02.8,1.98,40.89,16.92
947,14,오후 5:49:07.8,1.93,40.94,19.74
948,14,오후 5:49:12.8,1.92,44.87,19.6
949,14,오후 5:49:17.8,1.93,41.06,15.68
950,14,오후 5:49:22.8,2.12,42.63,18.65
951,14,오후 5:49:27.8,1.89,44.85,18.37
952,14,오후 5:49:32.8,1.88,40.55,18.39
953,14,오후 5:49:37.8,1.95,40.65,19.78
954,14,오후 5:49:42.8,1.93,41.5,15.46
955,14,오후 5:49:47.8,2.19,43.94,17.64
956,14,오후 5:49:52.8,2.1,43.12,17.8
957,14,오후 5:49:57.9,2.09,42.64,17.94
958,14,오후 5:50:02.9,1.86,43.22,18.95
959,14,오후 5:50:07.9,1.85,42.31,19.95
960,14,오후 5:50:12.9,2.16,40.46,19.54
961,14,오후 5:50:17.9,1.9,43.01,18.51
962,14,오후 5:50:22.9,2.08,42.84,19.97
963,14,오후 5:50:27.9,1.93,43.65,19.75
964,14,오후 5:50:32.9,2.07,43.93,18.36
965,14,오후 5:50:37.9,2.13,43.92,17.28
966,14,오후 5:50:42.9,1.92,40.29,16.76
967,15,오후 5:51:10.8,2.05,41.86,19.75
968,15,오후 5:51:15.8,2.19,42.09,17.21
969,15,오후 5:51:20.8,1.85,40.32,15.5
970,15,오후 5:51:25.8,1.94,40.18,17.21
971,15,오후 5:51:30.9,1.96,41.56,16.14
972,15,오후 5:51:35.9,2.19,41.04,16.19
973,15,오후 5:51:40.9,2.07,44.99,19.86
974,15,오후 5:51:45.9,1.94,40.72,18.25
975,15,오후 5:51:50.9,2.12,41.84,18.13
976,15,오후 5:51:55.9,2.15,41.39,15.31
977,15,오후 5:52:00.9,1.86,41.15,15.51
978,15,오후 5:52:05.9,2.0,40.66,19.02
979,15,오후 5:52:10.9,1.89,42.34,19.71
980,15,오후 5:52:15.9,1.99,41.84,16.14
981,15,오후 5:52:20.9,2.21,37.87,19.65
982,15,오후 5:52:25.9,1.91,40.12,15.22
983,15,오후 5:52:30.9,1.83,41.17,15.37
984,15,오후 5:52:35.9,2.18,44.52,19.11
985,15,오후 5:52:40.9,2.02,41.54,19.06
986,15,오후 5:52:45.9,1.84,42.04,15.64
987,15,오후 5:52:50.9,1.99,44.61,18.34
988,15,오후 5:52:55.9,1.94,44.98,19.25
989,15,오후 5:53:00.9,2.45,42.84,19.23
990,15,오후 5:53:05.9,1.87,41.31,18.64
991,15,오후 5:53:10.9,1.81,41.9,17.98
992,15,오후 5:53:16.0,2.12,44.42,17.2
993,15,오후 5:53:21.0,1.85,41.57,15.09
994,15,오후 5:53:26.0,2.09,41.22,15.14
995,15,오후 5:53:31.0,1.97,43.74,17.97
996,15,오후 5:53:36.0,2.17,40.87,15.52
997,15,오후 5:53:41.0,1.99,44.45,18.6
998,15,오후 5:53:46.0,2.04,42.52,16.78
999,15,오후 5:53:51.0,1.97,41.56,17.6
1000,15,오후 5:53:56.0,2.09,43.61,16.87
1001,15,오후 5:54:01.0,2.09,42.17,18.4
1002,15,오후 5:54:06.0,2.01,43.0,18.84
1003,15,오후 5:54:11.0,1.83,43.39,16.75
1004,15,오후 5:54:16.0,2.18,41.95,17.96
1005,15,오후 5:54:21.0,1.89,42.49,15.34
1006,15,오후 5:54:26.0,2.1,43.75,15.86
1007,15,오후 5:54:31.0,1.92,40.22,19.94
1008,15,오후 5:54:36.1,2.03,43.32,19.65
1009,15,오후 5:54:41.1,1.99,41.29,17.79
1010,15,오후 5:54:46.1,2.07,40.47,17.13
1011,15,오후 5:54:51.1,1.83,40.65,17.8
1012,15,오후 5:54:56.1,1.81,41.93,18.98
1013,15,오후 5:55:01.1,2.19,41.2,16.61
1014,15,오후 5:55:06.1,2.13,43.23,18.17
1015,15,오후 5:55:11.1,2.09,40.53,19.03
1016,15,오후 5:55:16.1,2.1,43.47,16.84
1017,15,오후 5:55:21.1,1.93,41.13,19.15
1018,15,오후 5:55:26.1,2.14,40.87,18.58
1019,15,오후 5:55:31.1,2.03,41.95,18.09
1020,15,오후 5:55:36.1,2.19,40.28,17.04
1021,15,오후 5:55:41.1,2.05,44.77,18.11
1022,15,오후 5:55:46.1,2.14,41.93,16.9
1023,15,오후 5:55:51.1,1.86,44.51,17.39
1024,15,오후 5:55:56.1,1.86,42.29,19.03
1025,15,오후 5:56:01.1,1.85,40.52,17.46
1026,15,오후 5:56:06.1,1.89,41.34,16.03
1027,15,오후 5:56:11.2,1.91,40.93,19.12
1028,15,오후 5:56:16.2,2.01,42.46,16.52
1029,15,오후 5:56:21.2,1.99,42.91,15.58
1030,15,오후 5:56:26.2,1.9,41.64,15.9
1031,15,오후 5:56:31.2,1.87,40.05,15.01
1032,15,오후 5:56:36.2,1.85,41.35,19.48
1033,15,오후 5:56:41.2,2.16,42.54,15.65
1034,15,오후 5:56:46.2,2.01,41.9,15.12
1035,15,오후 5:56:51.2,1.83,40.83,17.51
1036,16,오후 5:57:16.5,1.89,44.21,17.16
1037,16,오후 5:57:21.5,1.88,44.98,17.44
1038,16,오후 5:57:26.5,1.99,42.92,15.46
1039,16,오후 5:57:31.5,2.05,40.29,19.05
1040,16,오후 5:57:36.5,1.94,40.6,19.95
1041,16,오후 5:57:41.5,2.06,40.55,15.58
1042,16,오후 5:57:46.6,2.08,43.61,15.62
1043,16,오후 5:57:51.6,1.95,44.35,16.14
1044,16,오후 5:57:56.6,1.9,40.04,19.41
1045,16,오후 5:58:01.6,2.06,44.36,19.84
1046,16,오후 5:58:06.6,1.81,44.04,16.74
1047,16,오후 5:58:11.6,2.08,40.23,18.56
1048,16,오후 5:58:16.6,2.11,43.34,18.0
1049,16,오후 5:58:21.6,2.02,44.08,15.51
1050,16,오후 5:58:26.6,1.85,44.75,18.35
1051,16,오후 5:58:31.6,2.1,41.13,16.07
1052,16,오후 5:58:36.6,1.99,41.71,15.15
1053,16,오후 5:58:41.6,2.13,44.47,17.09
1054,16,오후 5:58:46.6,1.87,43.95,18.87
1055,16,오후 5:58:51.6,1.89,40.36,15.42
1056,16,오후 5:58:56.6,2.4,42.8,16.54
1057,16,오후 5:59:01.6,1.92,43.27,16.1
1058,16,오후 5:59:06.6,2.03,43.73,15.59
1059,16,오후 5:59:11.6,1.86,44.21,18.88
1060,16,오후 5:59:16.6,1.91,42.5,17.05
1061,16,오후 5:59:21.6,1.89,40.65,18.64
1062,16,오후 5:59:26.6,1.83,43.55,16.02
1063,16,오후 5:59:31.6,1.87,44.36,19.61
1064,16,오후 5:59:36.6,2.1,40.28,16.23
1065,16,오후 5:59:41.6,1.9,41.74,18.75
1066,16,오후 5:59:46.6,1.89,41.34,16.89
1067,16,오후 5:59:51.7,1.98,42.06,18.64
1068,16,오후 5:59:56.7,2.14,40.35,17.13
1069,16,오후 6:00:01.7,1.82,42.37,19.11
1070,16,오후 6:00:06.7,2.06,44.61,16.46
1071,16,오후 6:00:11.7,2.01,41.79,17.2
1072,16,오후 6:00:16.7,1.82,42.76,18.3
1073,16,오후 6:00:21.7,1.91,44.29,17.26
1074,16,오후 6:00:26.7,1.87,42.55,16.16
1075,16,오후 6:00:31.7,2.08,44.3,17.98
1076,16,오후 6:00:36.7,2.03,40.68,18.92
1077,16,오후 6:00:41.7,1.96,42.83,15.04
1078,16,오후 6:00:46.7,2.1,44.33,17.62
1079,16,오후 6:00:51.7,2.05,44.25,19.26
1080,16,오후 6:00:56.7,1.9,43.19,18.11
1081,16,오후 6:01:01.7,2.13,42.61,17.91
1082,16,오후 6:01:06.7,2.02,43.61,16.0
1083,16,오후 6:01:11.7,2.04,42.77,15.81
1084,16,오후 6:01:16.8,2.02,42.02,17.25
1085,16,오후 6:01:21.8,2.06,41.5,15.78
1086,16,오후 6:01:26.8,2.09,44.65,16.68
1087,16,오후 6:01:31.8,2.01,40.57,16.83
1088,16,오후 6:01:36.8,2.09,41.28,19.32
1089,16,오후 6:01:41.8,1.94,42.12,15.18
1090,16,오후 6:01:46.8,1.84,41.14,19.62
1091,16,오후 6:01:51.8,2.18,41.41,16.28
1092,16,오후 6:01:56.8,1.9,44.16,17.79
1093,16,오후 6:02:01.8,2.04,40.5,18.18
1094,16,오후 6:02:06.8,1.86,43.05,19.82
1095,16,오후 6:02:11.8,2.17,44.14,18.13
1096,16,오후 6:02:16.8,2.16,43.26,18.26
1097,16,오후 6:02:21.8,2.01,43.54,18.05
1098,16,오후 6:02:26.8,1.93,42.65,17.85
1099,16,오후 6:02:31.8,1.86,42.01,15.66
1100,16,오후 6:02:36.8,2.0,40.01,18.8
1101,16,오후 6:02:41.8,2.0,43.02,15.12
1102,16,오후 6:02:46.8,1.98,41.64,19.89
1103,16,오후 6:02:51.8,2.14,41.35,18.12
1104,16,오후 6:02:56.8,1.93,42.4,15.36
1105,17,오후 6:03:24.2,2.03,44.06,15.22
1106,17,오후 6:03:29.2,2.19,44.59,15.19
1107,17,오후 6:03:34.2,2.19,40.75,15.97
1108,17,오후 6:03:39.2,2.01,41.77,19.05
1109,17,오후 6:03:44.2,1.93,44.71,15.23
1110,17,오후 6:03:49.2,1.96,43.65,19.75
1111,17,오후 6:03:54.2,2.12,43.29,16.55
1112,17,오후 6:03:59.2,2.1,40.22,16.59
1113,17,오후 6:04:04.2,1.81,41.43,16.04
1114,17,오후 6:04:09.2,2.03,44.14,16.97
1115,17,오후 6:04:14.2,1.81,43.54,16.13
1116,17,오후 6:04:19.2,2.13,40.04,18.47
1117,17,오후 6:04:24.2,2.07,43.86,18.73
1118,17,오후 6:04:29.2,1.86,40.95,18.14
1119,17,오후 6:04:34.2,1.87,41.67,16.34
1120,17,오후 6:04:39.3,2.09,41.13,16.01
1121,17,오후 6:04:44.3,2.18,43.68,19.11
1122,17,오후 6:04:49.3,1.92,44.65,15.9
1123,17,오후 6:04:54.3,2.09,43.4,15.28
1124,17,오후 6:04:59.3,1.92,44.67,15.62
1125,17,오후 6:05:04.3,2.18,41.0,15.99
1126,17,오후 6:05:09.3,1.92,44.18,18.91
1127,17,오후 6:05:14.3,2.01,41.76,19.56
1128,17,오후 6:05:19.3,1.97,42.92,16.97
1129,17,오후 6:05:24.3,1.91,43.17,17.21
1130,17,오후 6:05:29.3,2.07,42.41,19.08
1131,17,오후 6:05:34.3,1.92,41.72,17.09
1132,17,오후 6:05:39.3,2.09,41.94,19.74
1133,17,오후 6:05:44.3,1.85,44.45,15.88
1134,17,오후 6:05:49.3,1.98,43.07,17.95
1135,17,오후 6:05:54.3,2.05,43.84,17.4
1136,17,오후 6:05:59.3,1.95,44.05,15.7
1137,17,오후 6:06:04.3,1.89,40.86,15.49
1138,17,오후 6:06:09.3,1.98,42.84,15.75
1139,17,오후 6:06:14.3,1.99,44.29,16.15
1140,17,오후 6:06:19.4,1.95,43.29,19.14
1141,17,오후 6:06:24.4,1.83,42.95,19.91
1142,17,오후 6:06:29.4,2.0,41.77,18.72
1143,17,오후 6:06:34.4,2.19,41.24,19.03
1144,17,오후 6:06:39.4,1.83,40.99,17.75
1145,17,오후 6:06:44.4,1.95,40.73,18.74
1146,17,오후 6:06:49.4,2.18,43.54,17.24
1147,17,오후 6:06:54.4,1.86,43.39,16.14
1148,17,오후 6:06:59.4,1.98,42.53,17.14
1149,17,오후 6:07:04.4,1.96,43.76,19.64
1150,17,오후 6:07:09.4,1.81,41.53,17.25
1151,17,오후 6:07:14.4,2.04,42.75,16.12
1152,17,오후 6:07:19.4,2.17,40.82,17.01
1153,17,오후 6:07:24.4,2.1,43.44,16.09
1154,17,오후 6:07:29.4,1.87,43.79,19.14
1155,17,오후 6:07:34.4,1.81,41.48,18.02
1156,17,오후 6:07:39.4,1.84,43.67,18.63
1157,17,오후 6:07:44.4,2.08,44.4,18.61
1158,17,오후 6:07:49.4,2.08,40.89,18.43
1159,17,오후 6:07:54.4,2.06,42.75,19.93
1160,17,오후 6:07:59.4,2.04,44.94,18.48
1161,17,오후 6:08:04.5,1.89,44.8,16.91
1162,17,오후 6:08:09.5,1.88,42.28,17.72
1163,17,오후 6:08:14.5,2.09,42.08,18.05
1164,17,오후 6:08:19.5,1.86,40.56,15.99
1165,17,오후 6:08:24.5,1.83,40.62,17.38
1166,17,오후 6:08:29.5,2.03,43.81,17.5
1167,17,오후 6:08:34.5,1.94,42.85,16.5
1168,17,오후 6:08:39.5,1.83,41.69,15.99
1169,17,오후 6:08:44.5,1.84,43.59,15.44
1170,17,오후 6:08:49.5,2.1,41.28,18.53
1171,17,오후 6:08:54.5,2.04,44.35,16.79
1172,17,오후 6:08:59.5,2.09,42.85,18.6
1173,17,오후 6:09:04.5,1.88,42.12,18.25
1174,18,오후 6:09:32.1,2.16,40.43,16.91
1175,18,오후 6:09:37.1,1.95,42.35,16.03
1176,18,오후 6:09:42.1,1.85,41.14,19.94
1177,18,오후 6:09:47.1,2.01,41.73,17.97
1178,18,오후 6:09:52.1,1.91,40.73,19.74
1179,18,오후 6:09:57.1,2.01,41.98,18.46
1180,18,오후 6:10:02.1,1.9,43.27,17.95
1181,18,오후 6:10:07.1,1.98,42.39,17.75
1182,18,오후 6:10:12.1,1.96,42.75,17.08
1183,18,오후 6:10:17.1,1.84,42.21,19.85
1184,18,오후 6:10:22.1,1.97,42.17,18.96
1185,18,오후 6:10:27.1,2.01,42.97,16.43
1186,18,오후 6:10:32.2,2.01,41.93,15.55
1187,18,오후 6:10:37.2,1.99,44.74,16.41
1188,18,오후 6:10:42.2,2.1,43.67,16.87
1189,18,오후 6:10:47.2,2.08,43.73,18.63
1190,18,오후 6:10:52.2,1.85,43.02,19.67
1191,18,오후 6:10:57.2,2.02,42.21,16.41
1192,18,오후 6:11:02.2,2.08,44.58,18.13
1193,18,오후 6:11:07.2,1.92,40.03,17.87
1194,18,오후 6:11:12.2,1.91,40.78,18.63
1195,18,오후 6:11:17.2,1.95,42.69,19.3
1196,18,오후 6:11:22.2,2.15,40.02,15.83
1197,18,오후 6:11:27.2,1.94,43.68,19.82
1198,18,오후 6:11:32.2,2.1,43.31,15.3
1199,18,오후 6:11:37.2,2.05,42.11,19.19
1200,18,오후 6:11:42.2,1.81,40.13,18.72
1201,18,오후 6:11:47.2,1.83,41.4,18.16
1202,18,오후 6:11:52.2,1.85,44.87,17.19
1203,18,오후 6:11:57.2,2.04,41.6,17.2
1204,18,오후 6:12:02.3,2.06,41.1,18.6
1205,18,오후 6:12:07.3,1.88,41.07,16.75
1206,18,오후 6:12:12.3,2.17,41.2,16.77
1207,18,오후 6:12:17.3,1.94,44.35,16.02
1208,18,오후 6:12:22.3,2.03,43.86,19.29
1209,18,오후 6:12:27.3,1.95,44.02,17.19
1210,18,오후 6:12:32.3,1.82,41.29,16.42
1211,18,오후 6:12:37.3,1.89,40.67,17.43
1212,18,오후 6:12:42.3,2.06,44.82,17.75
1213,18,오후 6:12:47.3,1.86,44.06,17.42
1214,18,오후 6:12:52.3,1.97,43.91,15.76
1215,18,오후 6:12:57.3,1.9,43.63,15.54
1216,18,오후 6:13:02.3,1.88,43.25,15.93
1217,18,오후 6:13:07.3,1.89,44.86,18.14
1218,18,오후 6:13:12.3,1.93,40.72,18.32
1219,18,오후 6:13:17.3,2.08,42.94,15.18
1220,18,오후 6:13:22.3,1.99,43.72,19.05
1221,18,오후 6:13:27.3,2.18,42.51,18.73
1222,18,오후 6:13:32.4,2.02,40.23,15.75
1223,18,오후 6:13:37.4,2.18,44.33,16.55
1224,18,오후 6:13:42.4,2.06,44.79,15.16
1225,18,오후 6:13:47.4,2.09,40.4,18.04
1226,18,오후 6:13:52.4,1.9,43.21,15.93
1227,18,오후 6:13:57.4,2.42,42.94,15.81
1228,18,오후 6:14:02.4,1.86,42.37,19.24
1229,18,오후 6:14:07.4,2.12,42.39,15.18
1230,18,오후 6:14:12.4,2.09,41.71,18.73
1231,18,오후 6:14:17.4,2.18,36.98,19.35
1232,18,오후 6:14:22.4,2.03,44.15,16.06
1233,18,오후 6:14:27.4,2.09,40.73,16.51
1234,18,오후 6:14:32.4,1.97,41.23,16.19
1235,18,오후 6:14:37.4,2.01,40.14,18.71
1236,18,오후 6:14:42.4,2.16,44.52,19.97
1237,18,오후 6:14:47.4,2.09,43.64,18.61
1238,18,오후 6:14:52.4,2.06,44.75,16.48
1239,18,오후 6:14:57.4,1.82,43.65,15.92
1240,18,오후 6:15:02.5,2.01,43.28,17.29
1241,18,오후 6:15:07.5,1.98,42.59,16.17
1242,18,오후 6:15:12.5,2.0,43.63,16.69
1243,19,오후 6:15:40.2,2.08,41.49,18.37
1244,19,오후 6:15:45.2,2.13,42.83,16.0
1245,19,오후 6:15:50.2,1.92,43.03,19.94
1246,19,오후 6:15:55.2,2.12,42.31,17.52
1247,19,오후 6:16:00.2,2.04,41.41,19.55
1248,19,오후 6:16:05.2,1.95,40.25,19.91
1249,19,오후 6:16:10.2,2.19,42.3,15.44
1250,19,오후 6:16:15.2,2.03,43.2,17.23
1251,19,오후 6:16:20.2,2.1,40.57,16.28
1252,19,오후 6:16:25.2,2.05,41.86,16.8
1253,19,오후 6:16:30.2,1.88,44.75,15.76
1254,19,오후 6:16:35.3,2.08,41.62,19.95
1255,19,오후 6:16:40.3,1.95,42.06,15.15
1256,19,오후 6:16:45.3,2.3,44.07,15.97
1257,19,오후 6:16:50.3,2.07,41.56,17.12
1258,19,오후 6:16:55.3,2.16,41.59,16.32
1259,19,오후 6:17:00.3,1.93,44.88,17.0
1260,19,오후 6:17:05.3,2.06,43.53,15.66
1261,19,오후 6:17:10.3,2.0,44.72,16.03
1262,19,오후 6:17:15.3,1.9,43.85,16.76
1263,19,오후 6:17:20.3,2.18,44.79,18.68
1264,19,오후 6:17:25.3,1.81,43.49,16.26
1265,19,오후 6:17:30.3,1.87,40.4,16.67
1266,19,오후 6:17:35.3,1.91,41.9,17.37
1267,19,오후 6:17:40.3,1.88,40.53,15.19
1268,19,오후 6:17:45.3,1.84,42.05,16.29
1269,19,오후 6:17:50.3,1.95,42.69,19.42
1270,19,오후 6:17:55.3,2.15,44.0,17.86
1271,19,오후 6:18:00.3,2.06,44.77,17.34
1272,19,오후 6:18:05.3,2.04,44.25,17.48
1273,19,오후 6:18:10.4,1.93,40.54,17.93
1274,19,오후 6:18:15.4,1.85,42.41,19.7
1275,19,오후 6:18:20.4,2.13,41.11,15.92
1276,19,오후 6:18:25.4,2.0,43.74,16.11
1277,19,오후 6:18:30.4,2.16,44.05,16.79
1278,19,오후 6:18:35.4,1.82,44.68,17.42
1279,19,오후 6:18:40.4,2.16,43.17,19.09
1280,19,오후 6:18:45.4,1.96,42.16,17.51
1281,19,오후 6:18:50.4,1.86,42.4,15.23
1282,19,오후 6:18:55.4,1.86,40.94,15.18
1283,19,오후 6:19:00.4,2.04,40.51,15.02
1284,19,오후 6:19:05.4,2.12,40.25,19.28
1285,19,오후 6:19:10.4,1.83,42.84,15.85
1286,19,오후 6:19:15.4,1.96,42.64,17.25
1287,19,오후 6:19:20.4,1.83,43.24,16.8
1288,19,오후 6:19:25.4,1.81,41.22,15.04
1289,19,오후 6:19:30.4,2.19,41.32,15.06
1290,19,오후 6:19:35.4,2.06,43.52,16.48
1291,19,오후 6:19:40.4,2.19,43.76,18.56
1292,19,오후 6:19:45.5,1.96,43.72,15.55
1293,19,오후 6:19:50.5,2.02,43.39,18.89
1294,19,오후 6:19:55.5,2.07,44.95,15.58
1295,19,오후 6:20:00.5,1.91,40.97,16.8
1296,19,오후 6:20:05.5,2.03,42.2,18.25
1297,19,오후 6:20:10.5,1.97,42.32,18.43
1298,19,오후 6:20:15.5,2.04,41.17,16.8
1299,19,오후 6:20:20.5,2.18,42.63,18.24
1300,19,오후 6:20:25.5,2.04,41.38,17.51
1301,19,오후 6:20:30.5,1.99,42.64,19.22
1302,19,오후 6:20:35.5,2.07,42.46,16.15
1303,19,오후 6:20:40.5,1.84,40.46,16.14
1304,19,오후 6:20:45.5,2.01,42.33,15.99
1305,19,오후 6:20:50.5,2.11,43.85,16.8
1306,19,오후 6:20:55.5,2.1,44.45,16.05
1307,19,오후 6:21:00.5,2.02,40.47,17.54
1308,19,오후 6:21:05.5,2.11,41.98,16.2
1309,19,오후 6:21:10.5,1.83,41.54,17.42
1310,19,오후 6:21:15.5,2.07,43.48,19.41
1311,19,오후 6:21:20.6,2.07,44.98,17.14
1312,20,오후 6:21:46.9,1.91,43.87,17.78
1313,20,오후 6:21:51.9,2.16,41.5,19.69
1314,20,오후 6:21:56.9,2.12,40.56,18.04
1315,20,오후 6:22:01.9,2.13,42.79,18.23
1316,20,오후 6:22:06.9,2.05,40.43,16.85
1317,20,오후 6:22:11.9,2.18,42.71,19.09
1318,20,오후 6:22:16.9,1.84,41.85,16.31
1319,20,오후 6:22:21.9,1.94,43.3,18.29
1320,20,오후 6:22:26.9,1.99,40.89,16.34
1321,20,오후 6:22:31.9,2.16,43.97,16.97
1322,20,오후 6:22:36.9,2.13,42.8,17.58
1323,20,오후 6:22:41.9,2.03,42.12,18.27
1324,20,오후 6:22:47.0,2.0,43.37,17.73
1325,20,오후 6:22:52.0,2.18,41.09,15.98
1326,20,오후 6:22:57.0,1.82,41.93,17.61
1327,20,오후 6:23:02.0,1.93,42.91,16.37
1328,20,오후 6:23:07.0,2.15,40.66,18.8
1329,20,오후 6:23:12.0,1.89,43.32,19.06
1330,20,오후 6:23:17.0,1.97,42.42,18.76
1331,20,오후 6:23:22.0,2.0,41.84,19.65
1332,20,오후 6:23:27.0,2.12,40.05,18.09
1333,20,오후 6:23:32.0,2.1,40.26,16.74
1334,20,오후 6:23:37.0,1.93,40.31,15.81
1335,20,오후 6:23:42.0,2.18,40.84,17.0
1336,20,오후 6:23:47.0,1.89,41.4,17.5
1337,20,오후 6:23:52.0,2.07,40.4,18.78
1338,20,오후 6:23:57.0,2.12,41.02,19.37
1339,20,오후 6:24:02.0,2.14,42.73,18.41
1340,20,오후 6:24:07.0,2.09,41.45,19.7
1341,20,오후 6:24:12.0,2.16,41.83,17.53
1342,20,오후 6:24:17.0,1.87,42.81,16.18
1343,20,오후 6:24:22.0,2.05,42.98,17.27
1344,20,오후 6:24:27.0,2.19,44.6,16.67
1345,20,오후 6:24:32.0,2.16,42.46,16.31
1346,20,오후 6:24:37.0,1.97,42.89,18.53
1347,20,오후 6:24:42.1,2.1,41.71,16.58
1348,20,오후 6:24:47.1,1.87,42.61,19.73
1349,20,오후 6:24:52.1,1.92,43.88,15.47
1350,20,오후 6:24:57.1,1.91,43.67,18.08
1351,20,오후 6:25:02.1,1.98,42.57,18.04
1352,20,오후 6:25:07.1,1.85,40.32,17.0
1353,20,오후 6:25:12.1,2.11,44.37,17.69
1354,20,오후 6:25:17.1,2.1,40.12,15.52
1355,20,오후 6:25:22.1,2.06,44.49,18.17
1356,20,오후 6:25:27.1,2.11,43.7,17.74
1357,20,오후 6:25:32.1,2.02,41.6,19.76
1358,20,오후 6:25:37.1,2.05,43.64,19.12
1359,20,오후 6:25:42.1,1.81,44.91,18.06
1360,20,오후 6:25:47.1,2.13,40.95,19.8
1361,20,오후 6:25:52.1,1.92,44.81,15.58
1362,20,오후 6:25:57.1,1.83,42.7,18.01
1363,20,오후 6:26:02.1,1.95,44.25,16.64
1364,20,오후 6:26:07.2,2.09,42.82,19.28
1365,20,오후 6:26:12.2,1.98,43.63,16.39
1366,20,오후 6:26:17.2,1.9,42.63,15.07
1367,20,오후 6:26:22.2,1.95,43.0,19.67
1368,20,오후 6:26:27.2,1.89,41.02,19.55
1369,20,오후 6:26:32.2,2.12,40.33,17.93
1370,20,오후 6:26:37.2,1.81,40.41,16.22
1371,20,오후 6:26:42.2,2.16,43.01,19.03
1372,20,오후 6:26:47.2,2.19,41.88,16.07
1373,20,오후 6:26:52.2,2.02,42.65,16.27
1374,20,오후 6:26:57.2,1.95,42.44,18.7
1375,20,오후 6:27:02.2,1.98,43.22,15.28
1376,20,오후 6:27:07.2,1.86,44.06,19.39
1377,20,오후 6:27:12.2,2.02,41.33,17.31
1378,20,오후 6:27:17.2,2.19,42.16,15.54
1379,20,오후 6:27:22.2,2.15,44.19,16.56
1380,20,오후 6:27:27.2,2.06,42.15,17.88
1381,21,오후 6:27:54.7,1.92,41.75,16.71
1382,21,오후 6:27:59.7,1.91,40.07,19.8
1383,21,오후 6:28:04.7,1.85,44.97,16.92
1384,21,오후 6:28:09.7,2.0,42.49,17.08
1385,21,오후 6:28:14.8,1.92,43.19,19.6
1386,21,오후 6:28:19.8,1.82,41.72,18.99
1387,21,오후 6:28:24.8,1.88,41.68,18.39
1388,21,오후 6:28:29.8,1.86,41.06,18.36
1389,21,오후 6:28:34.8,1.89,41.94,16.85
1390,21,오후 6:28:39.8,1.93,40.76,17.41
1391,21,오후 6:28:44.8,1.95,43.79,19.28
1392,21,오후 6:28:49.8,1.84,43.61,15.94
1393,21,오후 6:28:54.8,1.89,43.84,17.94
1394,21,오후 6:28:59.8,2.18,44.76,19.68
1395,21,오후 6:29:04.8,2.19,43.24,18.67
1396,21,오후 6:29:09.8,2.15,42.77,18.33
1397,21,오후 6:29:14.8,1.9,43.99,17.22
1398,21,오후 6:29:19.8,1.99,42.53,17.6
1399,21,오후 6:29:24.8,2.3,44.27,15.16
1400,21,오후 6:29:29.8,2.1,42.48,16.29
1401,21,오후 6:29:34.8,1.96,41.94,18.32
1402,21,오후 6:29:39.8,1.91,44.79,17.0
1403,21,오후 6:29:44.8,1.99,40.05,16.53
1404,21,오후 6:29:49.8,1.81,42.44,19.43
1405,21,오후 6:29:54.8,2.13,42.71,18.74
1406,21,오후 6:29:59.8,2.02,44.05,19.68
1407,21,오후 6:30:04.8,2.05,44.16,17.99
1408,21,오후 6:30:09.9,2.18,43.63,19.73
1409,21,오후 6:30:14.9,2.1,43.62,17.1
1410,21,오후 6:30:19.9,2.04,42.43,18.11
1411,21,오후 6:30:24.9,2.19,42.5,15.48
1412,21,오후 6:30:29.9,1.91,41.6,19.26
1413,21,오후 6:30:34.9,1.97,44.25,16.85
1414,21,오후 6:30:39.9,1.92,43.93,18.31
1415,21,오후 6:30:44.9,2.11,43.9,17.18
1416,21,오후 6:30:49.9,2.12,42.7,19.34
1417,21,오후 6:30:54.9,2.12,44.41,16.42
1418,21,오후 6:30:59.9,2.05,41.3,19.66
1419,21,오후 6:31:04.9,2.1,42.8,15.25
1420,21,오후 6:31:09.9,2.12,41.66,17.76
1421,21,오후 6:31:14.9,2.04,42.17,18.83
1422,21,오후 6:31:19.9,2.07,42.76,15.84
1423,21,오후 6:31:24.9,1.92,44.77,17.52
1424,21,오후 6:31:29.9,1.9,41.17,16.46
1425,21,오후 6:31:35.0,2.0,44.42,17.36
1426,21,오후 6:31:40.0,2.01,43.47,19.83
1427,21,오후 6:31:45.0,1.89,40.75,19.05
1428,21,오후 6:31:50.0,1.92,40.8,18.61
1429,21,오후 6:31:55.0,2.17,43.65,19.64
1430,21,오후 6:32:00.0,2.02,44.98,19.76
1431,21,오후 6:32:05.0,1.92,42.36,17.78
1432,21,오후 6:32:10.0,1.87,40.8,15.76
1433,21,오후 6:32:15.0,2.01,41.85,18.77
1434,21,오후 6:32:20.0,1.83,40.65,18.48
1435,21,오후 6:32:25.0,2.03,42.32,16.78
1436,21,오후 6:32:30.0,1.93,42.39,16.57
1437,21,오후 6:32:35.0,2.16,43.56,19.88
1438,21,오후 6:32:40.0,2.12,44.51,18.35
1439,21,오후 6:32:45.0,1.82,42.29,16.48
1440,21,오후 6:32:50.0,2.16,40.89,17.34
1441,21,오후 6:32:55.0,1.89,42.74,18.67
1442,21,오후 6:33:00.1,1.95,44.38,17.3
1443,21,오후 6:33:05.1,2.13,42.86,15.52
1444,21,오후 6:33:10.1,2.1,40.81,18.86
1445,21,오후 6:33:15.1,1.95,42.61,11.68
1446,21,오후 6:33:20.1,2.08,44.85,16.39
1447,21,오후 6:33:25.1,2.49,42.89,16.84
1448,21,오후 6:33:30.1,2.13,41.42,15.97
1449,21,오후 6:33:35.1,1.83,44.12,17.32
1450,22,오후 6:34:01.3,1.94,43.59,17.48
1451,22,오후 6:34:06.3,2.14,40.9,18.34
1452,22,오후 6:34:11.3,2.4,42.8,16.54
1453,22,오후 6:34:16.3,1.89,40.51,17.13
1454,22,오후 6:34:21.3,2.14,41.79,17.23
1455,22,오후 6:34:26.3,2.12,43.08,18.91
1456,22,오후 6:34:31.3,2.14,42.02,19.36
1457,22,오후 6:34:36.3,2.17,43.79,19.95
1458,22,오후 6:34:41.3,1.9,40.67,18.61
1459,22,오후 6:34:46.3,2.13,42.97,17.31
1460,22,오후 6:34:51.3,1.88,40.98,15.65
1461,22,오후 6:34:56.3,1.82,44.01,18.42
1462,22,오후 6:35:01.3,2.14,41.15,18.71
1463,22,오후 6:35:06.3,2.4,42.8,16.54
1464,22,오후 6:35:11.4,1.99,40.31,17.93
1465,22,오후 6:35:16.4,1.97,42.75,17.34
1466,22,오후 6:35:21.4,2.18,40.24,15.68
1467,22,오후 6:35:26.4,1.89,44.11,17.46
1468,22,오후 6:35:31.4,2.17,41.68,17.24
1469,22,오후 6:35:36.4,1.89,43.11,18.59
1470,22,오후 6:35:41.4,2.13,40.13,15.86
1471,22,오후 6:35:46.4,1.98,40.75,19.74
1472,22,오후 6:35:51.4,2.07,40.76,18.32
1473,22,오후 6:35:56.4,1.89,43.2,18.78
1474,22,오후 6:36:01.4,2.14,43.61,16.16
1475,22,오후 6:36:06.4,2.05,44.55,16.0
1476,22,오후 6:36:11.4,2.18,44.92,16.53
1477,22,오후 6:36:16.4,2.13,41.08,16.39
1478,22,오후 6:36:21.4,1.9,44.85,16.21
1479,22,오후 6:36:26.4,1.97,44.42,17.79
1480,22,오후 6:36:31.4,2.0,42.79,17.23
1481,22,오후 6:36:36.4,2.13,44.71,16.88
1482,22,오후 6:36:41.4,2.14,42.95,19.31
1483,22,오후 6:36:46.4,1.86,41.52,18.81
1484,22,오후 6:36:51.4,1.99,43.08,17.73
1485,22,오후 6:36:56.4,2.06,43.98,17.4
1486,22,오후 6:37:01.4,1.96,42.33,16.41
1487,22,오후 6:37:06.5,1.85,42.46,16.69
1488,22,오후 6:37:11.5,1.89,43.15,15.76
1489,22,오후 6:37:16.5,1.82,41.11,16.68
1490,22,오후 6:37:21.5,2.4,42.8,16.54
1491,22,오후 6:37:26.5,1.86,41.75,16.71
1492,22,오후 6:37:31.5,2.02,42.5,17.21
1493,22,오후 6:37:36.5,1.91,43.76,18.24
1494,22,오후 6:37:41.5,1.84,44.62,17.89
1495,22,오후 6:37:46.5,2.05,40.84,16.21
1496,22,오후 6:37:51.5,2.12,41.84,19.65
1497,22,오후 6:37:56.5,1.82,41.15,19.49
1498,22,오후 6:38:01.5,2.16,41.53,19.45
1499,22,오후 6:38:06.5,2.04,41.92,19.81
1500,22,오후 6:38:11.5,1.86,40.75,15.22
1501,22,오후 6:38:16.5,1.96,41.11,19.27
1502,22,오후 6:38:21.5,1.84,42.37,15.67
1503,22,오후 6:38:26.5,1.89,41.2,17.2
1504,22,오후 6:38:31.5,1.88,42.78,15.89
1505,22,오후 6:38:36.5,2.4,42.8,16.54
1506,22,오후 6:38:41.5,2.0,43.05,17.46
1507,22,오후 6:38:46.5,2.11,40.9,15.24
1508,22,오후 6:38:51.6,2.04,44.6,15.2
1509,22,오후 6:38:56.6,2.05,42.96,17.62
1510,22,오후 6:39:01.6,1.84,41.32,16.6
1511,22,오후 6:39:06.6,1.95,43.72,18.74
1512,22,오후 6:39:11.6,1.85,44.66,17.54
1513,22,오후 6:39:16.6,2.13,40.91,16.96
1514,22,오후 6:39:21.6,1.83,44.14,17.06
1515,22,오후 6:39:26.6,1.83,40.55,17.16
1516,22,오후 6:39:31.6,2.0,43.06,16.06
1517,22,오후 6:39:36.6,2.18,40.71,17.05
1518,22,오후 6:39:41.6,1.97,40.83,16.89
